1,Olivia White,olivia.white@example.com
2,Serge White,serge.white@example.com
3,Serge Smith,serge.smith@example.com
4,Vlad Lee,vlad.lee@example.com
5,David Smith,david.smith@example.com
6,Robert Anderson,robert.anderson@example.com
7,Michael Harris,michael.harris@example.com
8,Emily Lebron,emily.lebron@example.com
9,Serge Lebron,serge.lebron@example.com
10,Sarah Jackson,sarah.jackson@example.com
11,Sarah Lee,sarah.lee@example.com
12,Kirill Lebron,kirill.lebron@example.com
13,David Green,david.green@example.com
14,Sophia Brown,sophia.brown@example.com
15,Michael White,michael.white@example.com
16,Olivia Taylor,olivia.taylor@example.com
17,Emma Lee,emma.lee@example.com
18,Michael Smith,michael.smith@example.com
19,John Anderson,john.anderson@example.com
20,Michael Lee,michael.lee@example.com
21,John Martin,john.martin@example.com
22,Emily Anderson,emily.anderson@example.com
23,Sarah Jackson,sarah.jackson@example.com
24,Emily Lee,emily.lee@example.com
25,Emma Green,emma.green@example.com
26,Adrew Brown,adrew.brown@example.com
27,Serge Harris,serge.harris@example.com
28,Emily Smith,emily.smith@example.com
29,Olivia Anderson,olivia.anderson@example.com
30,James Harris,james.harris@example.com
31,Emily Green,emily.green@example.com
32,Emily Harris,emily.harris@example.com
33,Kirill Lebron,kirill.lebron@example.com
34,Kirill Anderson,kirill.anderson@example.com
35,David Jackson,david.jackson@example.com
36,Olivia Green,olivia.green@example.com
37,Sarah Green,sarah.green@example.com
38,Emily Martin,emily.martin@example.com
39,John Harris,john.harris@example.com
40,Emily Jackson,emily.jackson@example.com
41,Vlad Brown,vlad.brown@example.com
42,John Harris,john.harris@example.com
43,Olivia Lee,olivia.lee@example.com
44,Serge Lee,serge.lee@example.com
45,Michael Green,michael.green@example.com
46,Adrew Martin,adrew.martin@example.com
47,Emily Brown,emily.brown@example.com
48,Olivia Harris,olivia.harris@example.com
49,Olivia Lee,olivia.lee@example.com
50,Olivia Lebron,olivia.lebron@example.com
51,Emma Anderson,emma.anderson@example.com
52,Michael Smith,michael.smith@example.com
53,Olivia Green,olivia.green@example.com
54,Sarah Green,sarah.green@example.com
55,Vlad Lee,vlad.lee@example.com
56,Robert Taylor,robert.taylor@example.com
57,Kirill Lebron,kirill.lebron@example.com
58,Emma Brown,emma.brown@example.com
59,James White,james.white@example.com
60,Sarah Lebron,sarah.lebron@example.com
61,John Brown,john.brown@example.com
62,Emma Jackson,emma.jackson@example.com
63,John Brown,john.brown@example.com
64,Emily Smith,emily.smith@example.com
65,Olivia Smith,olivia.smith@example.com
66,Emma Lebron,emma.lebron@example.com
67,Michael Lebron,michael.lebron@example.com
68,Emily Martin,emily.martin@example.com
69,Vlad Smith,vlad.smith@example.com
70,Serge Jackson,serge.jackson@example.com
71,Olivia Martin,olivia.martin@example.com
72,Emily Taylor,emily.taylor@example.com
73,John Lee,john.lee@example.com
74,Vlad Smith,vlad.smith@example.com
75,Emma Taylor,emma.taylor@example.com
76,Michael Martin,michael.martin@example.com
77,John Green,john.green@example.com
78,Emma Lebron,emma.lebron@example.com
79,Sophia Anderson,sophia.anderson@example.com
80,James Taylor,james.taylor@example.com
81,Sophia Lee,sophia.lee@example.com
82,Emma Martin,emma.martin@example.com
83,Emma Green,emma.green@example.com
84,Serge Green,serge.green@example.com
85,Sarah Harris,sarah.harris@example.com
86,Emily Smith,emily.smith@example.com
87,James Martin,james.martin@example.com
88,Emily Lebron,emily.lebron@example.com
89,Robert Taylor,robert.taylor@example.com
90,Michael Jackson,michael.jackson@example.com
91,Emma Harris,emma.harris@example.com
92,John Anderson,john.anderson@example.com
93,Olivia Smith,olivia.smith@example.com
94,Kirill Lebron,kirill.lebron@example.com
95,Emily Harris,emily.harris@example.com
96,David Brown,david.brown@example.com
97,John Martin,john.martin@example.com
98,Olivia Harris,olivia.harris@example.com
99,Robert White,robert.white@example.com
100,Vlad Lebron,vlad.lebron@example.com
101,John Jackson,john.jackson@example.com
102,Adrew Green,adrew.green@example.com
103,James Taylor,james.taylor@example.com
104,Robert Lebron,robert.lebron@example.com
105,Olivia Taylor,olivia.taylor@example.com
106,Robert Brown,robert.brown@example.com
107,Kirill Harris,kirill.harris@example.com
108,Kirill White,kirill.white@example.com
109,David Harris,david.harris@example.com
110,Robert Lee,robert.lee@example.com
111,Adrew White,adrew.white@example.com
112,Robert Anderson,robert.anderson@example.com
113,Robert White,robert.white@example.com
114,James Lee,james.lee@example.com
115,Olivia Martin,olivia.martin@example.com
116,Kirill Anderson,kirill.anderson@example.com
117,Emma Brown,emma.brown@example.com
118,James White,james.white@example.com
119,Adrew Martin,adrew.martin@example.com
120,Kirill White,kirill.white@example.com
121,Michael Lee,michael.lee@example.com
122,Serge Harris,serge.harris@example.com
123,Serge Green,serge.green@example.com
124,James Anderson,james.anderson@example.com
125,Emma Taylor,emma.taylor@example.com
126,Vlad Taylor,vlad.taylor@example.com
127,John Lebron,john.lebron@example.com
128,Vlad Taylor,vlad.taylor@example.com
129,Vlad White,vlad.white@example.com
130,James Brown,james.brown@example.com
131,Michael Anderson,michael.anderson@example.com
132,Emma Lebron,emma.lebron@example.com
133,Emily Lee,emily.lee@example.com
134,James Smith,james.smith@example.com
135,James Smith,james.smith@example.com
136,Sophia Lebron,sophia.lebron@example.com
137,James Jackson,james.jackson@example.com
138,Adrew Jackson,adrew.jackson@example.com
139,Sarah White,sarah.white@example.com
140,Sophia Smith,sophia.smith@example.com
141,Emily Brown,emily.brown@example.com
142,Olivia Anderson,olivia.anderson@example.com
143,David Lebron,david.lebron@example.com
144,Michael Smith,michael.smith@example.com
145,Robert Green,robert.green@example.com
146,Adrew Brown,adrew.brown@example.com
147,Emma Green,emma.green@example.com
148,Emma White,emma.white@example.com
149,Robert Jackson,robert.jackson@example.com
150,Sarah Brown,sarah.brown@example.com
151,Emma Jackson,emma.jackson@example.com
152,Sophia Green,sophia.green@example.com
153,Sophia White,sophia.white@example.com
154,Robert Jackson,robert.jackson@example.com
155,Vlad Brown,vlad.brown@example.com
156,Michael Anderson,michael.anderson@example.com
157,Sophia Taylor,sophia.taylor@example.com
158,Robert Martin,robert.martin@example.com
159,Adrew Anderson,adrew.anderson@example.com
160,Olivia Green,olivia.green@example.com
161,Michael Green,michael.green@example.com
162,Michael Harris,michael.harris@example.com
163,Serge Brown,serge.brown@example.com
164,Adrew Taylor,adrew.taylor@example.com
165,Kirill Harris,kirill.harris@example.com
166,Sophia Martin,sophia.martin@example.com
167,Emily Harris,emily.harris@example.com
168,John Smith,john.smith@example.com
169,James Anderson,james.anderson@example.com
170,Robert Green,robert.green@example.com
171,John Lebron,john.lebron@example.com
172,Sarah Brown,sarah.brown@example.com
173,Kirill Anderson,kirill.anderson@example.com
174,Olivia Lee,olivia.lee@example.com
175,Adrew Anderson,adrew.anderson@example.com
176,Sophia Lee,sophia.lee@example.com
177,Adrew Lebron,adrew.lebron@example.com
178,Vlad Jackson,vlad.jackson@example.com
179,James White,james.white@example.com
180,Vlad Brown,vlad.brown@example.com
181,Olivia Lebron,olivia.lebron@example.com
182,Michael White,michael.white@example.com
183,Adrew Martin,adrew.martin@example.com
184,Vlad Green,vlad.green@example.com
185,John Harris,john.harris@example.com
186,Kirill Smith,kirill.smith@example.com
187,Kirill Martin,kirill.martin@example.com
188,Michael Brown,michael.brown@example.com
189,Serge Martin,serge.martin@example.com
190,Sophia White,sophia.white@example.com
191,Kirill Jackson,kirill.jackson@example.com
192,Sarah Harris,sarah.harris@example.com
193,Vlad Lebron,vlad.lebron@example.com
194,John Smith,john.smith@example.com
195,David Brown,david.brown@example.com
196,Emily Taylor,emily.taylor@example.com
197,James Taylor,james.taylor@example.com
198,Robert Lee,robert.lee@example.com
199,James Harris,james.harris@example.com
200,Olivia Smith,olivia.smith@example.com
201,Vlad White,vlad.white@example.com
202,Emily Anderson,emily.anderson@example.com
203,Emily Harris,emily.harris@example.com
204,John Taylor,john.taylor@example.com
205,Emily White,emily.white@example.com
206,Olivia Jackson,olivia.jackson@example.com
207,John Jackson,john.jackson@example.com
208,James Smith,james.smith@example.com
209,Sophia Lebron,sophia.lebron@example.com
210,Emily Green,emily.green@example.com
211,Emily Lebron,emily.lebron@example.com
212,Kirill Lebron,kirill.lebron@example.com
213,Michael White,michael.white@example.com
214,Emma Anderson,emma.anderson@example.com
215,Olivia Martin,olivia.martin@example.com
216,Emily Martin,emily.martin@example.com
217,Vlad Harris,vlad.harris@example.com
218,Sophia Taylor,sophia.taylor@example.com
219,Robert Anderson,robert.anderson@example.com
220,Emily Harris,emily.harris@example.com
221,David Taylor,david.taylor@example.com
222,Kirill Lee,kirill.lee@example.com
223,Serge Taylor,serge.taylor@example.com
224,Adrew Jackson,adrew.jackson@example.com
225,Emily Martin,emily.martin@example.com
226,Robert Lebron,robert.lebron@example.com
227,Vlad Anderson,vlad.anderson@example.com
228,James Anderson,james.anderson@example.com
229,Emily Jackson,emily.jackson@example.com
230,Vlad Martin,vlad.martin@example.com
231,John White,john.white@example.com
232,Sophia Harris,sophia.harris@example.com
233,Emily Lebron,emily.lebron@example.com
234,Sophia Martin,sophia.martin@example.com
235,Robert Smith,robert.smith@example.com
236,James Smith,james.smith@example.com
237,Emma Green,emma.green@example.com
238,Olivia White,olivia.white@example.com
239,Sophia Brown,sophia.brown@example.com
240,Emily Brown,emily.brown@example.com
241,Olivia Lebron,olivia.lebron@example.com
242,Emma Anderson,emma.anderson@example.com
243,Serge Brown,serge.brown@example.com
244,Vlad Martin,vlad.martin@example.com
245,Adrew White,adrew.white@example.com
246,Emma Lebron,emma.lebron@example.com
247,Emma Green,emma.green@example.com
248,Emily Lee,emily.lee@example.com
249,Adrew White,adrew.white@example.com
250,Michael White,michael.white@example.com
251,Olivia Anderson,olivia.anderson@example.com
252,John White,john.white@example.com
253,Robert Brown,robert.brown@example.com
254,Serge Anderson,serge.anderson@example.com
255,Vlad White,vlad.white@example.com
256,Sarah Brown,sarah.brown@example.com
257,Sophia Taylor,sophia.taylor@example.com
258,David Lee,david.lee@example.com
259,Robert Lebron,robert.lebron@example.com
260,John Smith,john.smith@example.com
261,Vlad Lebron,vlad.lebron@example.com
262,Kirill Harris,kirill.harris@example.com
263,Sophia Martin,sophia.martin@example.com
264,Olivia Jackson,olivia.jackson@example.com
265,Kirill Brown,kirill.brown@example.com
266,Michael Smith,michael.smith@example.com
267,Emma Taylor,emma.taylor@example.com
268,Adrew Harris,adrew.harris@example.com
269,Olivia Brown,olivia.brown@example.com
270,Emily Green,emily.green@example.com
271,James Martin,james.martin@example.com
272,David Brown,david.brown@example.com
273,Emma White,emma.white@example.com
274,Robert Anderson,robert.anderson@example.com
275,Emily Harris,emily.harris@example.com
276,Kirill Lebron,kirill.lebron@example.com
277,Adrew Lebron,adrew.lebron@example.com
278,Emma Brown,emma.brown@example.com
279,Sarah Lee,sarah.lee@example.com
280,Sophia Smith,sophia.smith@example.com
281,Sophia Taylor,sophia.taylor@example.com
282,Vlad Taylor,vlad.taylor@example.com
283,Serge Jackson,serge.jackson@example.com
284,Adrew Harris,adrew.harris@example.com
285,Olivia Harris,olivia.harris@example.com
286,Sophia Jackson,sophia.jackson@example.com
287,Robert Jackson,robert.jackson@example.com
288,Sophia Taylor,sophia.taylor@example.com
289,Emma Lebron,emma.lebron@example.com
290,Kirill Martin,kirill.martin@example.com
291,Adrew Green,adrew.green@example.com
292,Kirill Smith,kirill.smith@example.com
293,John Harris,john.harris@example.com
294,Serge Green,serge.green@example.com
295,Kirill Martin,kirill.martin@example.com
296,Sarah Lebron,sarah.lebron@example.com
297,Kirill Taylor,kirill.taylor@example.com
298,Emily Lebron,emily.lebron@example.com
299,Serge Anderson,serge.anderson@example.com
300,Sarah Martin,sarah.martin@example.com
301,Emily Brown,emily.brown@example.com
302,Sarah Lee,sarah.lee@example.com
303,James Jackson,james.jackson@example.com
304,Sophia Green,sophia.green@example.com
305,Emma Green,emma.green@example.com
306,James Green,james.green@example.com
307,Vlad White,vlad.white@example.com
308,John Anderson,john.anderson@example.com
309,Serge Green,serge.green@example.com
310,Michael Green,michael.green@example.com
311,John Lee,john.lee@example.com
312,Emily Brown,emily.brown@example.com
313,Robert Anderson,robert.anderson@example.com
314,Sarah Martin,sarah.martin@example.com
315,Vlad Jackson,vlad.jackson@example.com
316,Robert White,robert.white@example.com
317,Robert Brown,robert.brown@example.com
318,Robert White,robert.white@example.com
319,Olivia Jackson,olivia.jackson@example.com
320,Serge Smith,serge.smith@example.com
321,Michael Lee,michael.lee@example.com
322,David Jackson,david.jackson@example.com
323,Adrew Brown,adrew.brown@example.com
324,Emma Brown,emma.brown@example.com
325,Emma Smith,emma.smith@example.com
326,James Lee,james.lee@example.com
327,Emma Brown,emma.brown@example.com
328,Olivia Harris,olivia.harris@example.com
329,David Green,david.green@example.com
330,Vlad Lee,vlad.lee@example.com
331,Sarah Lee,sarah.lee@example.com
332,Sophia Green,sophia.green@example.com
333,Michael Jackson,michael.jackson@example.com
334,Robert Martin,robert.martin@example.com
335,Emma Taylor,emma.taylor@example.com
336,Serge Harris,serge.harris@example.com
337,Serge White,serge.white@example.com
338,David Harris,david.harris@example.com
339,Vlad Taylor,vlad.taylor@example.com
340,Serge Anderson,serge.anderson@example.com
341,Kirill Anderson,kirill.anderson@example.com
342,Kirill Harris,kirill.harris@example.com
343,John Anderson,john.anderson@example.com
344,Robert Lee,robert.lee@example.com
345,John Lebron,john.lebron@example.com
346,Adrew Brown,adrew.brown@example.com
347,Kirill Smith,kirill.smith@example.com
348,Adrew Brown,adrew.brown@example.com
349,Emily Martin,emily.martin@example.com
350,Sarah Green,sarah.green@example.com
351,Serge Smith,serge.smith@example.com
352,Vlad White,vlad.white@example.com
353,Adrew Green,adrew.green@example.com
354,Adrew Martin,adrew.martin@example.com
355,Robert Green,robert.green@example.com
356,James Jackson,james.jackson@example.com
357,Sarah Jackson,sarah.jackson@example.com
358,Olivia Harris,olivia.harris@example.com
359,James Anderson,james.anderson@example.com
360,Sophia Jackson,sophia.jackson@example.com
361,Emily Taylor,emily.taylor@example.com
362,Serge Lee,serge.lee@example.com
363,Adrew Smith,adrew.smith@example.com
364,Adrew Lee,adrew.lee@example.com
365,Emily White,emily.white@example.com
366,Serge Smith,serge.smith@example.com
367,Emma Harris,emma.harris@example.com
368,John Green,john.green@example.com
369,Olivia Jackson,olivia.jackson@example.com
370,Serge Brown,serge.brown@example.com
371,David Smith,david.smith@example.com
372,Robert Taylor,robert.taylor@example.com
373,James Jackson,james.jackson@example.com
374,Emma Anderson,emma.anderson@example.com
375,John Lebron,john.lebron@example.com
376,Vlad Brown,vlad.brown@example.com
377,Vlad White,vlad.white@example.com
378,Sophia Lee,sophia.lee@example.com
379,Sarah Martin,sarah.martin@example.com
380,Emily Green,emily.green@example.com
381,Adrew Lebron,adrew.lebron@example.com
382,Olivia Harris,olivia.harris@example.com
383,Vlad Taylor,vlad.taylor@example.com
384,Michael Jackson,michael.jackson@example.com
385,David Brown,david.brown@example.com
386,Emma Green,emma.green@example.com
387,Vlad Harris,vlad.harris@example.com
388,Robert Lebron,robert.lebron@example.com
389,Sophia Lebron,sophia.lebron@example.com
390,James White,james.white@example.com
391,Sarah Smith,sarah.smith@example.com
392,Sophia White,sophia.white@example.com
393,Sarah Taylor,sarah.taylor@example.com
394,James Taylor,james.taylor@example.com
395,Michael Lee,michael.lee@example.com
396,Michael Green,michael.green@example.com
397,Serge Taylor,serge.taylor@example.com
398,Vlad White,vlad.white@example.com
399,Serge Anderson,serge.anderson@example.com
400,Adrew White,adrew.white@example.com
401,Adrew Brown,adrew.brown@example.com
402,David Lebron,david.lebron@example.com
403,Vlad Brown,vlad.brown@example.com
404,Michael Harris,michael.harris@example.com
405,Michael White,michael.white@example.com
406,Emma Brown,emma.brown@example.com
407,Vlad Lee,vlad.lee@example.com
408,Kirill Green,kirill.green@example.com
409,Kirill Jackson,kirill.jackson@example.com
410,Sarah White,sarah.white@example.com
411,Olivia Lebron,olivia.lebron@example.com
412,Sophia Anderson,sophia.anderson@example.com
413,Sarah Jackson,sarah.jackson@example.com
414,David Green,david.green@example.com
415,Emily Lebron,emily.lebron@example.com
416,Emily Lee,emily.lee@example.com
417,Robert Green,robert.green@example.com
418,James Lebron,james.lebron@example.com
419,Kirill Smith,kirill.smith@example.com
420,James Lebron,james.lebron@example.com
421,David Taylor,david.taylor@example.com
422,Sarah Smith,sarah.smith@example.com
423,Adrew Smith,adrew.smith@example.com
424,Emily Taylor,emily.taylor@example.com
425,Michael Lebron,michael.lebron@example.com
426,Michael Harris,michael.harris@example.com
427,Emma Jackson,emma.jackson@example.com
428,Adrew Martin,adrew.martin@example.com
429,James Harris,james.harris@example.com
430,James Lee,james.lee@example.com
431,Adrew Lebron,adrew.lebron@example.com
432,James Harris,james.harris@example.com
433,James Anderson,james.anderson@example.com
434,David Harris,david.harris@example.com
435,David Taylor,david.taylor@example.com
436,Serge Lee,serge.lee@example.com
437,Emily Lee,emily.lee@example.com
438,Kirill White,kirill.white@example.com
439,Adrew White,adrew.white@example.com
440,Emily Martin,emily.martin@example.com
441,Kirill Martin,kirill.martin@example.com
442,Olivia Smith,olivia.smith@example.com
443,Emily Brown,emily.brown@example.com
444,Michael Brown,michael.brown@example.com
445,David Martin,david.martin@example.com
446,Olivia Brown,olivia.brown@example.com
447,Kirill Martin,kirill.martin@example.com
448,James Green,james.green@example.com
449,Adrew Brown,adrew.brown@example.com
450,Emma Lebron,emma.lebron@example.com
451,Emma Anderson,emma.anderson@example.com
452,Serge Taylor,serge.taylor@example.com
453,Serge Jackson,serge.jackson@example.com
454,Sarah Smith,sarah.smith@example.com
455,Kirill Brown,kirill.brown@example.com
456,Vlad Anderson,vlad.anderson@example.com
457,James White,james.white@example.com
458,John Anderson,john.anderson@example.com
459,Emily Anderson,emily.anderson@example.com
460,Olivia Lee,olivia.lee@example.com
461,John White,john.white@example.com
462,Emma Harris,emma.harris@example.com
463,Emily Martin,emily.martin@example.com
464,Sophia Martin,sophia.martin@example.com
465,Sophia Lee,sophia.lee@example.com
466,Adrew Martin,adrew.martin@example.com
467,Robert Martin,robert.martin@example.com
468,Adrew Harris,adrew.harris@example.com
469,Robert Anderson,robert.anderson@example.com
470,Olivia Taylor,olivia.taylor@example.com
471,Serge Green,serge.green@example.com
472,Sarah Jackson,sarah.jackson@example.com
473,Emily Jackson,emily.jackson@example.com
474,James Harris,james.harris@example.com
475,John Smith,john.smith@example.com
476,Olivia Harris,olivia.harris@example.com
477,Adrew Smith,adrew.smith@example.com
478,John Green,john.green@example.com
479,Emma Martin,emma.martin@example.com
480,Serge Green,serge.green@example.com
481,Sophia Taylor,sophia.taylor@example.com
482,John Martin,john.martin@example.com
483,John Harris,john.harris@example.com
484,David Lebron,david.lebron@example.com
485,Serge Harris,serge.harris@example.com
486,Adrew Anderson,adrew.anderson@example.com
487,David Smith,david.smith@example.com
488,David Brown,david.brown@example.com
489,Sophia Green,sophia.green@example.com
490,Sophia Smith,sophia.smith@example.com
491,Robert Smith,robert.smith@example.com
492,John White,john.white@example.com
493,Sophia Green,sophia.green@example.com
494,Kirill Lebron,kirill.lebron@example.com
495,Sophia Smith,sophia.smith@example.com
496,Serge Jackson,serge.jackson@example.com
497,David Smith,david.smith@example.com
498,Robert Jackson,robert.jackson@example.com
499,Serge Lee,serge.lee@example.com
500,Sarah Martin,sarah.martin@example.com
501,David Jackson,david.jackson@example.com
502,Serge Green,serge.green@example.com
503,Serge Anderson,serge.anderson@example.com
504,Michael Taylor,michael.taylor@example.com
505,David Lee,david.lee@example.com
506,Vlad Taylor,vlad.taylor@example.com
507,James Lee,james.lee@example.com
508,Robert White,robert.white@example.com
509,James Anderson,james.anderson@example.com
510,David Brown,david.brown@example.com
511,Serge Lee,serge.lee@example.com
512,Michael Brown,michael.brown@example.com
513,John Taylor,john.taylor@example.com
514,James Taylor,james.taylor@example.com
515,Emily Anderson,emily.anderson@example.com
516,John Lebron,john.lebron@example.com
517,Olivia Harris,olivia.harris@example.com
518,David White,david.white@example.com
519,John Smith,john.smith@example.com
520,David Brown,david.brown@example.com
521,Robert Taylor,robert.taylor@example.com
522,Emma Smith,emma.smith@example.com
523,Adrew Harris,adrew.harris@example.com
524,John Brown,john.brown@example.com
525,Serge Smith,serge.smith@example.com
526,Olivia Jackson,olivia.jackson@example.com
527,Adrew Lee,adrew.lee@example.com
528,John Martin,john.martin@example.com
529,Olivia Brown,olivia.brown@example.com
530,Sarah Jackson,sarah.jackson@example.com
531,David Lee,david.lee@example.com
532,Robert Taylor,robert.taylor@example.com
533,Emily Jackson,emily.jackson@example.com
534,Sophia Taylor,sophia.taylor@example.com
535,James Green,james.green@example.com
536,James Taylor,james.taylor@example.com
537,Vlad Martin,vlad.martin@example.com
538,David Smith,david.smith@example.com
539,Robert Lee,robert.lee@example.com
540,David White,david.white@example.com
541,James Jackson,james.jackson@example.com
542,Serge White,serge.white@example.com
543,Serge Brown,serge.brown@example.com
544,Sarah Brown,sarah.brown@example.com
545,Sarah Taylor,sarah.taylor@example.com
546,Robert White,robert.white@example.com
547,Adrew Brown,adrew.brown@example.com
548,Serge Taylor,serge.taylor@example.com
549,David Anderson,david.anderson@example.com
550,Kirill Brown,kirill.brown@example.com
551,John Brown,john.brown@example.com
552,Emily Jackson,emily.jackson@example.com
553,Sophia Smith,sophia.smith@example.com
554,Olivia Martin,olivia.martin@example.com
555,Michael Anderson,michael.anderson@example.com
556,Serge Smith,serge.smith@example.com
557,Emma Jackson,emma.jackson@example.com
558,Emily Brown,emily.brown@example.com
559,Vlad White,vlad.white@example.com
560,Emily Lebron,emily.lebron@example.com
561,Kirill Smith,kirill.smith@example.com
562,Michael Lee,michael.lee@example.com
563,Michael Smith,michael.smith@example.com
564,James Lebron,james.lebron@example.com
565,James Harris,james.harris@example.com
566,John Anderson,john.anderson@example.com
567,Michael Lee,michael.lee@example.com
568,Sarah Lebron,sarah.lebron@example.com
569,James Lebron,james.lebron@example.com
570,Sophia Martin,sophia.martin@example.com
571,James Taylor,james.taylor@example.com
572,Kirill Lebron,kirill.lebron@example.com
573,Sophia Lebron,sophia.lebron@example.com
574,Adrew Lee,adrew.lee@example.com
575,Michael Anderson,michael.anderson@example.com
576,Michael Lebron,michael.lebron@example.com
577,Vlad Harris,vlad.harris@example.com
578,Michael Lee,michael.lee@example.com
579,Serge Taylor,serge.taylor@example.com
580,Kirill Green,kirill.green@example.com
581,James Lebron,james.lebron@example.com
582,Serge Lebron,serge.lebron@example.com
583,Emily Martin,emily.martin@example.com
584,Olivia Taylor,olivia.taylor@example.com
585,James Jackson,james.jackson@example.com
586,Adrew Green,adrew.green@example.com
587,Robert Taylor,robert.taylor@example.com
588,Adrew Lebron,adrew.lebron@example.com
589,Olivia Taylor,olivia.taylor@example.com
590,Kirill Harris,kirill.harris@example.com
591,Robert Taylor,robert.taylor@example.com
592,James Lebron,james.lebron@example.com
593,Vlad Green,vlad.green@example.com
594,Emily Harris,emily.harris@example.com
595,Vlad Harris,vlad.harris@example.com
596,Serge Martin,serge.martin@example.com
597,James Lee,james.lee@example.com
598,Emma Lee,emma.lee@example.com
599,Emma Smith,emma.smith@example.com
600,Serge Taylor,serge.taylor@example.com
601,Robert Harris,robert.harris@example.com
602,James Jackson,james.jackson@example.com
603,David Brown,david.brown@example.com
604,Serge Green,serge.green@example.com
605,John Harris,john.harris@example.com
606,Emma Martin,emma.martin@example.com
607,Vlad Anderson,vlad.anderson@example.com
608,Serge Harris,serge.harris@example.com
609,Michael Green,michael.green@example.com
610,David Taylor,david.taylor@example.com
611,Sophia Smith,sophia.smith@example.com
612,Adrew Green,adrew.green@example.com
613,David Green,david.green@example.com
614,David White,david.white@example.com
615,Emily Anderson,emily.anderson@example.com
616,Emily Harris,emily.harris@example.com
617,Olivia White,olivia.white@example.com
618,Adrew Harris,adrew.harris@example.com
619,Olivia Harris,olivia.harris@example.com
620,Sarah Jackson,sarah.jackson@example.com
621,Kirill Lee,kirill.lee@example.com
622,David Jackson,david.jackson@example.com
623,David Smith,david.smith@example.com
624,John Martin,john.martin@example.com
625,David Jackson,david.jackson@example.com
626,Olivia Taylor,olivia.taylor@example.com
627,Robert Lebron,robert.lebron@example.com
628,Olivia White,olivia.white@example.com
629,Emily Taylor,emily.taylor@example.com
630,Emily Anderson,emily.anderson@example.com
631,James Lee,james.lee@example.com
632,Serge Martin,serge.martin@example.com
633,Sophia Martin,sophia.martin@example.com
634,Emily Lebron,emily.lebron@example.com
635,John Green,john.green@example.com
636,Sophia Anderson,sophia.anderson@example.com
637,Michael White,michael.white@example.com
638,Olivia Brown,olivia.brown@example.com
639,Vlad Martin,vlad.martin@example.com
640,Serge Martin,serge.martin@example.com
641,Robert Smith,robert.smith@example.com
642,Sarah Harris,sarah.harris@example.com
643,Vlad Smith,vlad.smith@example.com
644,James Lee,james.lee@example.com
645,Emma Brown,emma.brown@example.com
646,Emily Lebron,emily.lebron@example.com
647,Sophia Harris,sophia.harris@example.com
648,John Lee,john.lee@example.com
649,Adrew Anderson,adrew.anderson@example.com
650,Kirill Taylor,kirill.taylor@example.com
651,Robert Martin,robert.martin@example.com
652,James Lee,james.lee@example.com
653,Olivia Lee,olivia.lee@example.com
654,Serge Harris,serge.harris@example.com
655,Olivia Harris,olivia.harris@example.com
656,Emily Jackson,emily.jackson@example.com
657,John Green,john.green@example.com
658,Olivia Lebron,olivia.lebron@example.com
659,James Anderson,james.anderson@example.com
660,David Martin,david.martin@example.com
661,Vlad Martin,vlad.martin@example.com
662,Vlad Lee,vlad.lee@example.com
663,Adrew Anderson,adrew.anderson@example.com
664,Vlad Smith,vlad.smith@example.com
665,Kirill Martin,kirill.martin@example.com
666,Sarah Martin,sarah.martin@example.com
667,James Green,james.green@example.com
668,Robert Brown,robert.brown@example.com
669,James White,james.white@example.com
670,Vlad Taylor,vlad.taylor@example.com
671,David Brown,david.brown@example.com
672,Robert Lee,robert.lee@example.com
673,Kirill Harris,kirill.harris@example.com
674,John Green,john.green@example.com
675,David Jackson,david.jackson@example.com
676,Adrew Taylor,adrew.taylor@example.com
677,Vlad Lebron,vlad.lebron@example.com
678,David Taylor,david.taylor@example.com
679,Emily Anderson,emily.anderson@example.com
680,Emma Martin,emma.martin@example.com
681,Vlad Taylor,vlad.taylor@example.com
682,Robert Smith,robert.smith@example.com
683,Sarah Taylor,sarah.taylor@example.com
684,James Anderson,james.anderson@example.com
685,Michael Harris,michael.harris@example.com
686,Emma Anderson,emma.anderson@example.com
687,Vlad Lee,vlad.lee@example.com
688,Robert Lee,robert.lee@example.com
689,Serge White,serge.white@example.com
690,Kirill Lebron,kirill.lebron@example.com
691,James Martin,james.martin@example.com
692,Serge Jackson,serge.jackson@example.com
693,Vlad Brown,vlad.brown@example.com
694,Kirill Anderson,kirill.anderson@example.com
695,Emma Smith,emma.smith@example.com
696,Kirill Harris,kirill.harris@example.com
697,Sophia White,sophia.white@example.com
698,Serge Lee,serge.lee@example.com
699,Robert Smith,robert.smith@example.com
700,Vlad Taylor,vlad.taylor@example.com
701,James Taylor,james.taylor@example.com
702,Emily Taylor,emily.taylor@example.com
703,Sarah Martin,sarah.martin@example.com
704,Michael Jackson,michael.jackson@example.com
705,Sophia Green,sophia.green@example.com
706,Emma Martin,emma.martin@example.com
707,James Anderson,james.anderson@example.com
708,Kirill Green,kirill.green@example.com
709,James White,james.white@example.com
710,Vlad Harris,vlad.harris@example.com
711,James White,james.white@example.com
712,Serge Harris,serge.harris@example.com
713,Olivia Lee,olivia.lee@example.com
714,Vlad Smith,vlad.smith@example.com
715,Sophia White,sophia.white@example.com
716,Olivia White,olivia.white@example.com
717,John Lee,john.lee@example.com
718,Emma Lebron,emma.lebron@example.com
719,Olivia Taylor,olivia.taylor@example.com
720,Vlad Lee,vlad.lee@example.com
721,Vlad Brown,vlad.brown@example.com
722,James Harris,james.harris@example.com
723,Serge Lee,serge.lee@example.com
724,Michael Green,michael.green@example.com
725,Vlad Taylor,vlad.taylor@example.com
726,Adrew Taylor,adrew.taylor@example.com
727,Michael Lebron,michael.lebron@example.com
728,John Lee,john.lee@example.com
729,Robert White,robert.white@example.com
730,Kirill Lee,kirill.lee@example.com
731,Robert White,robert.white@example.com
732,Emma Lee,emma.lee@example.com
733,John Anderson,john.anderson@example.com
734,Vlad Anderson,vlad.anderson@example.com
735,Emma Lebron,emma.lebron@example.com
736,Michael Smith,michael.smith@example.com
737,Sarah Smith,sarah.smith@example.com
738,James Brown,james.brown@example.com
739,John Lee,john.lee@example.com
740,Adrew Anderson,adrew.anderson@example.com
741,James White,james.white@example.com
742,Emma White,emma.white@example.com
743,Sophia Jackson,sophia.jackson@example.com
744,Sophia Jackson,sophia.jackson@example.com
745,Sarah White,sarah.white@example.com
746,Sophia Green,sophia.green@example.com
747,Emma Jackson,emma.jackson@example.com
748,John Harris,john.harris@example.com
749,Michael Lee,michael.lee@example.com
750,Vlad Green,vlad.green@example.com
751,Sophia Harris,sophia.harris@example.com
752,Sophia Harris,sophia.harris@example.com
753,Adrew Smith,adrew.smith@example.com
754,Serge Smith,serge.smith@example.com
755,David Jackson,david.jackson@example.com
756,Serge Martin,serge.martin@example.com
757,Kirill Green,kirill.green@example.com
758,Vlad Green,vlad.green@example.com
759,Emma White,emma.white@example.com
760,Serge Martin,serge.martin@example.com
761,Emma Taylor,emma.taylor@example.com
762,Vlad Anderson,vlad.anderson@example.com
763,Michael Green,michael.green@example.com
764,Sophia Lee,sophia.lee@example.com
765,Sarah Brown,sarah.brown@example.com
766,Emily White,emily.white@example.com
767,Adrew Lebron,adrew.lebron@example.com
768,Vlad Harris,vlad.harris@example.com
769,Michael Anderson,michael.anderson@example.com
770,Sarah White,sarah.white@example.com
771,Sarah Harris,sarah.harris@example.com
772,Sophia White,sophia.white@example.com
773,Emily Anderson,emily.anderson@example.com
774,Serge Jackson,serge.jackson@example.com
775,James Brown,james.brown@example.com
776,Michael Lebron,michael.lebron@example.com
777,Kirill Lebron,kirill.lebron@example.com
778,Sarah Harris,sarah.harris@example.com
779,Serge Martin,serge.martin@example.com
780,Kirill Green,kirill.green@example.com
781,Michael Martin,michael.martin@example.com
782,Robert Lee,robert.lee@example.com
783,Sophia Harris,sophia.harris@example.com
784,Sarah Taylor,sarah.taylor@example.com
785,Emma Lebron,emma.lebron@example.com
786,John Green,john.green@example.com
787,Emma Green,emma.green@example.com
788,Sarah Martin,sarah.martin@example.com
789,David Anderson,david.anderson@example.com
790,Vlad White,vlad.white@example.com
791,Robert Harris,robert.harris@example.com
792,Robert Lee,robert.lee@example.com
793,Serge Green,serge.green@example.com
794,Vlad Anderson,vlad.anderson@example.com
795,John Green,john.green@example.com
796,Emma Taylor,emma.taylor@example.com
797,John Smith,john.smith@example.com
798,Robert Harris,robert.harris@example.com
799,Emily Harris,emily.harris@example.com
800,John Green,john.green@example.com
801,Adrew Anderson,adrew.anderson@example.com
802,Michael Brown,michael.brown@example.com
803,Vlad Lebron,vlad.lebron@example.com
804,Serge Jackson,serge.jackson@example.com
805,John Brown,john.brown@example.com
806,Kirill Harris,kirill.harris@example.com
807,John Jackson,john.jackson@example.com
808,Emily Green,emily.green@example.com
809,Serge Lebron,serge.lebron@example.com
810,Emily Taylor,emily.taylor@example.com
811,Sarah Anderson,sarah.anderson@example.com
812,Sophia Lee,sophia.lee@example.com
813,David Smith,david.smith@example.com
814,Emily Brown,emily.brown@example.com
815,Robert Jackson,robert.jackson@example.com
816,David Taylor,david.taylor@example.com
817,Emily Anderson,emily.anderson@example.com
818,Vlad Lebron,vlad.lebron@example.com
819,Robert White,robert.white@example.com
820,Vlad Jackson,vlad.jackson@example.com
821,Kirill Anderson,kirill.anderson@example.com
822,Vlad Taylor,vlad.taylor@example.com
823,James White,james.white@example.com
824,Emma Anderson,emma.anderson@example.com
825,James Lee,james.lee@example.com
826,Michael Taylor,michael.taylor@example.com
827,Michael Taylor,michael.taylor@example.com
828,Emily Harris,emily.harris@example.com
829,Michael Anderson,michael.anderson@example.com
830,John Smith,john.smith@example.com
831,Adrew Anderson,adrew.anderson@example.com
832,Kirill Lebron,kirill.lebron@example.com
833,Serge Jackson,serge.jackson@example.com
834,Sarah Lebron,sarah.lebron@example.com
835,Vlad Jackson,vlad.jackson@example.com
836,Kirill Martin,kirill.martin@example.com
837,Sarah White,sarah.white@example.com
838,Sophia Lebron,sophia.lebron@example.com
839,Serge Martin,serge.martin@example.com
840,Olivia Anderson,olivia.anderson@example.com
841,Sarah Martin,sarah.martin@example.com
842,Adrew White,adrew.white@example.com
843,Emily Smith,emily.smith@example.com
844,John Taylor,john.taylor@example.com
845,Sarah Harris,sarah.harris@example.com
846,Sarah Green,sarah.green@example.com
847,Sarah Green,sarah.green@example.com
848,Vlad Smith,vlad.smith@example.com
849,Olivia Martin,olivia.martin@example.com
850,Robert Anderson,robert.anderson@example.com
851,John Brown,john.brown@example.com
852,Olivia Anderson,olivia.anderson@example.com
853,David Smith,david.smith@example.com
854,Robert Anderson,robert.anderson@example.com
855,Emma Lee,emma.lee@example.com
856,David Smith,david.smith@example.com
857,David Green,david.green@example.com
858,Adrew Taylor,adrew.taylor@example.com
859,John Green,john.green@example.com
860,Olivia Harris,olivia.harris@example.com
861,John Harris,john.harris@example.com
862,Emily Brown,emily.brown@example.com
863,Robert Green,robert.green@example.com
864,Emily Martin,emily.martin@example.com
865,Adrew Lebron,adrew.lebron@example.com
866,Adrew Lee,adrew.lee@example.com
867,John Lebron,john.lebron@example.com
868,Emily Lee,emily.lee@example.com
869,Emily Anderson,emily.anderson@example.com
870,Vlad Taylor,vlad.taylor@example.com
871,Kirill Smith,kirill.smith@example.com
872,David White,david.white@example.com
873,Emily Green,emily.green@example.com
874,Robert Martin,robert.martin@example.com
875,Emily Martin,emily.martin@example.com
876,Sophia Anderson,sophia.anderson@example.com
877,Adrew Taylor,adrew.taylor@example.com
878,Vlad Lebron,vlad.lebron@example.com
879,Emily Lebron,emily.lebron@example.com
880,Sarah Smith,sarah.smith@example.com
881,Emma White,emma.white@example.com
882,Sophia Lee,sophia.lee@example.com
883,Emily Brown,emily.brown@example.com
884,Vlad Harris,vlad.harris@example.com
885,John White,john.white@example.com
886,James Lebron,james.lebron@example.com
887,Vlad Taylor,vlad.taylor@example.com
888,Robert Anderson,robert.anderson@example.com
889,Emily Harris,emily.harris@example.com
890,Emily Smith,emily.smith@example.com
891,David Green,david.green@example.com
892,Robert Green,robert.green@example.com
893,David Brown,david.brown@example.com
894,Robert Brown,robert.brown@example.com
895,Emma Taylor,emma.taylor@example.com
896,Michael Harris,michael.harris@example.com
897,Olivia Lee,olivia.lee@example.com
898,James Lee,james.lee@example.com
899,Emily Brown,emily.brown@example.com
900,Serge Taylor,serge.taylor@example.com
901,Sarah White,sarah.white@example.com
902,Adrew Jackson,adrew.jackson@example.com
903,Adrew Lee,adrew.lee@example.com
904,John White,john.white@example.com
905,David White,david.white@example.com
906,Kirill White,kirill.white@example.com
907,Olivia Smith,olivia.smith@example.com
908,Sarah Anderson,sarah.anderson@example.com
909,John Martin,john.martin@example.com
910,Sarah Jackson,sarah.jackson@example.com
911,Michael Smith,michael.smith@example.com
912,Vlad Green,vlad.green@example.com
913,Sophia White,sophia.white@example.com
914,John Taylor,john.taylor@example.com
915,James Smith,james.smith@example.com
916,Michael White,michael.white@example.com
917,Sophia Lebron,sophia.lebron@example.com
918,Vlad Green,vlad.green@example.com
919,James Martin,james.martin@example.com
920,James Harris,james.harris@example.com
921,James Lee,james.lee@example.com
922,John Anderson,john.anderson@example.com
923,Sarah Smith,sarah.smith@example.com
924,Olivia Jackson,olivia.jackson@example.com
925,Olivia Lee,olivia.lee@example.com
926,Adrew White,adrew.white@example.com
927,Olivia Anderson,olivia.anderson@example.com
928,Michael Harris,michael.harris@example.com
929,David White,david.white@example.com
930,James Taylor,james.taylor@example.com
931,Serge Brown,serge.brown@example.com
932,Emily Green,emily.green@example.com
933,Michael Harris,michael.harris@example.com
934,Emma Smith,emma.smith@example.com
935,Vlad Lee,vlad.lee@example.com
936,James Smith,james.smith@example.com
937,Emma Jackson,emma.jackson@example.com
938,Adrew Brown,adrew.brown@example.com
939,Olivia Taylor,olivia.taylor@example.com
940,Olivia Green,olivia.green@example.com
941,Emma Brown,emma.brown@example.com
942,Olivia Taylor,olivia.taylor@example.com
943,Sarah White,sarah.white@example.com
944,Robert Taylor,robert.taylor@example.com
945,Emma Taylor,emma.taylor@example.com
946,James Green,james.green@example.com
947,Olivia Martin,olivia.martin@example.com
948,Kirill White,kirill.white@example.com
949,David Lee,david.lee@example.com
950,Robert Harris,robert.harris@example.com
951,Sarah Brown,sarah.brown@example.com
952,Michael Martin,michael.martin@example.com
953,Michael Smith,michael.smith@example.com
954,Sophia Lebron,sophia.lebron@example.com
955,David Brown,david.brown@example.com
956,Robert Jackson,robert.jackson@example.com
957,James Smith,james.smith@example.com
958,Robert Lebron,robert.lebron@example.com
959,Sophia Brown,sophia.brown@example.com
960,Emma Martin,emma.martin@example.com
961,Adrew Jackson,adrew.jackson@example.com
962,Emily Lebron,emily.lebron@example.com
963,Emma White,emma.white@example.com
964,Serge Smith,serge.smith@example.com
965,John Jackson,john.jackson@example.com
966,Sophia Taylor,sophia.taylor@example.com
967,Adrew Lee,adrew.lee@example.com
968,Michael White,michael.white@example.com
969,John Brown,john.brown@example.com
970,Michael Green,michael.green@example.com
971,James White,james.white@example.com
972,Vlad Anderson,vlad.anderson@example.com
973,Emily Green,emily.green@example.com
974,Robert Lebron,robert.lebron@example.com
975,David Jackson,david.jackson@example.com
976,Sarah Taylor,sarah.taylor@example.com
977,Olivia Brown,olivia.brown@example.com
978,Serge Green,serge.green@example.com
979,Robert Lebron,robert.lebron@example.com
980,Sarah Taylor,sarah.taylor@example.com
981,David Anderson,david.anderson@example.com
982,Sarah Lebron,sarah.lebron@example.com
983,David Green,david.green@example.com
984,Adrew Brown,adrew.brown@example.com
985,Olivia Lebron,olivia.lebron@example.com
986,Robert Lee,robert.lee@example.com
987,James Harris,james.harris@example.com
988,Michael Green,michael.green@example.com
989,John Anderson,john.anderson@example.com
990,Sophia Smith,sophia.smith@example.com
991,Robert Taylor,robert.taylor@example.com
992,Sophia Lee,sophia.lee@example.com
993,Emily Anderson,emily.anderson@example.com
994,Vlad Anderson,vlad.anderson@example.com
995,Sarah Anderson,sarah.anderson@example.com
996,James Brown,james.brown@example.com
997,Sarah White,sarah.white@example.com
998,Robert Green,robert.green@example.com
999,Adrew White,adrew.white@example.com
1000,Michael Anderson,michael.anderson@example.com
