1,Robert White,robert.white@example.com
2,James White,james.white@example.com
3,Sophia Lebron,sophia.lebron@example.com
4,Robert Jackson,robert.jackson@example.com
5,Serge Green,serge.green@example.com
6,Adrew Smith,adrew.smith@example.com
7,Emily Jackson,emily.jackson@example.com
8,Kirill Smith,kirill.smith@example.com
9,Serge Lee,serge.lee@example.com
10,Vlad Martin,vlad.martin@example.com
11,Michael Martin,michael.martin@example.com
12,Emily Lee,emily.lee@example.com
13,Sarah Green,sarah.green@example.com
14,Robert Brown,robert.brown@example.com
15,John Taylor,john.taylor@example.com
16,Serge Harris,serge.harris@example.com
17,Robert Harris,robert.harris@example.com
18,Vlad Taylor,vlad.taylor@example.com
19,Emma Taylor,emma.taylor@example.com
20,Sophia Taylor,sophia.taylor@example.com
